"archivo","linea","nivel","titulo","id"
"01-intro.Rmd",5,2,"![](figuras/book.svg){.hicon} De los datos a la información: la analítica de datos.","c01-de-los-datos-a-la-informacion-la-analitica"
"01-intro.Rmd",11,3,"![](figuras/key.svg){.hicon} La Estadística como ciencia instrumental.","c01-la-estadistica-como-ciencia-instrumental"
"01-intro.Rmd",23,3,"![](figuras/key.svg){.hicon} Analítica de datos económicos.","c01-analitica-de-datos-economicos"
"01-intro.Rmd",29,3,"![](figuras/key.svg){.hicon} La infraestructura: el software de análisis.","c01-la-infraestructura-el-software-de-analisis"
"01-intro.Rmd",37,2,"![](figuras/key.svg){.hicon}![](images/clipboard-2401404524.png) ¿Qué es R y cómo nos ayuda a analizar datos?","c01-que-es-r-y-como-nos-ayuda-a-analizar-datos"
"01-intro.Rmd",43,2,"![](images/clipboard-1383707725.png)![](figuras/pie-chart.svg){.hicon} Instalación de R y RStudio.","c01-instalacion-de-r-y-rstudio"
"01-intro.Rmd",49,2,"![](images/clipboard-1383707725.png)![](figuras/pie-chart.svg){.hicon} R y RStudio. Comienzo: Proyectos.","c01-r-y-rstudio-comienzo-proyectos"
"01-intro.Rmd",71,2,"![](images/clipboard-1383707725.png)![](figuras/pie-chart.svg){.hicon} Scripts.","c01-scripts"
"01-intro.Rmd",101,2,"![](images/clipboard-1383707725.png)![](figuras/pie-chart.svg){.hicon} Funciones.","c01-funciones"
"01-intro.Rmd",130,2,"![](images/clipboard-1383707725.png)![](figuras/pie-chart.svg){.hicon} Paquetes (*packages*).","c01-paquetes-packages"
"01-intro.Rmd",146,2,"![](images/clipboard-1383707725.png)![](figuras/pie-chart.svg){.hicon} Help! (sistema de ayuda).","c01-help-sistema-de-ayuda"
"01-intro.Rmd",170,2,"![](figuras/book.svg){.hicon} ¿Y ahora?","c01-y-ahora"
"01-intro.Rmd",174,2,"![](figuras/star.svg){.hicon} El universo R-Stars.","c01-el-universo-r-stars"
"02-datos.Rmd",5,2,"![](figuras/book.svg){.hicon} Objetos. Datos.","c02-objetos-datos"
"02-datos.Rmd",35,3,"![](figuras/key.svg){.hicon} Vectores.","c02-vectores"
"02-datos.Rmd",117,3,"![](figuras/key.svg){.hicon} Matrices.","c02-matrices"
"02-datos.Rmd",175,3,"![](figuras/key.svg){.hicon} *Data frames*.","c02-data-frames"
"02-datos.Rmd",240,3,"![](figuras/key.svg){.hicon} Factores.","c02-factores"
"02-datos.Rmd",278,3,"![](figuras/key.svg){.hicon} Listas.","c02-listas"
"02-datos.Rmd",319,2,"![](figuras/pie-chart.svg){.hicon} Importando datos.","c02-importando-datos"
"02-datos.Rmd",446,2,"![](figuras/pie-chart.svg){.hicon} El paquete `{dplyr}`.","c02-el-paquete-dplyr"
"02-datos.Rmd",448,3,"![](figuras/key.svg){.hicon} El *Tidyverse*. Cargando `{dplyr}`.","c02-el-tidyverse-cargando-dplyr"
"02-datos.Rmd",479,3,"![](figuras/key.svg){.hicon} Seleccionando columnas de un *data frame*.","c02-seleccionando-columnas-de-un-data-frame"
"02-datos.Rmd",570,3,"![](figuras/key.svg){.hicon} Ordenando casos de un *data frame*.","c02-ordenando-casos-de-un-data-frame"
"02-datos.Rmd",651,3,"![](figuras/key.svg){.hicon} El operador *pipe*.","c02-el-operador-pipe"
"02-datos.Rmd",675,3,"![](figuras/key.svg){.hicon} Seleccionando casos de un *data frame*.","c02-seleccionando-casos-de-un-data-frame"
"02-datos.Rmd",732,3,"![](figuras/key.svg){.hicon} Seleccionando casos por posición: `slice()`.","c02-seleccionando-casos-por-posicion-slice"
"02-datos.Rmd",759,3,"![](figuras/key.svg){.hicon} Cambiando el nombre de las variables de un *data frame*.","c02-cambiando-el-nombre-de-las-variables-de-un"
"02-datos.Rmd",770,3,"![](figuras/key.svg){.hicon} Añadiendo variables como transformación de otras variables en un *data frame*.","c02-anadiendo-variables-como-transformacion-de"
"02-datos.Rmd",880,3,"![](figuras/key.svg){.hicon} Extrayendo y sintetizando información de las variables de un *data frame*.","c02-extrayendo-y-sintetizando-informacion-de-las"
"02-datos.Rmd",899,2,"![](figuras/pie-chart.svg){.hicon}![](figuras/key.svg){.hicon} Exportando datos.","c02-exportando-datos"
"02-datos.Rmd",962,2,"![](figuras/star.svg){.hicon} Las variables de la base de datos del proyecto R-Stars.","c02-las-variables-de-la-base-de-datos-del"
"02-datos.Rmd",966,2,"![](figuras/arrow-down-circle.svg){.hicon} Materiales para realizar las prácticas del capítulo.","c02-materiales-para-realizar-las-practicas-del"
"03-graficos.Rmd",5,2,"![](figuras/book.svg){.hicon} El valor de las imágenes.","c03-el-valor-de-las-imagenes"
"03-graficos.Rmd",19,2,"![](figuras/pie-chart.svg){.hicon} El *Tidyverse* para gráficos: `{ggplot2}`.","c03-el-tidyverse-para-graficos-ggplot2"
"03-graficos.Rmd",76,2,"![](figuras/pie-chart.svg){.hicon} La estructura de un gráfico con `{ggplot2}`.","c03-la-estructura-de-un-grafico-con-ggplot2"
"03-graficos.Rmd",96,2,"![](figuras/pie-chart.svg){.hicon} Gráficos de una variable.","c03-graficos-de-una-variable"
"03-graficos.Rmd",98,3,"![](figuras/key.svg){.hicon} Histograma.","c03-histograma"
"03-graficos.Rmd",167,3,"![](figuras/key.svg){.hicon} Gráfico de densidad.","c03-grafico-de-densidad"
"03-graficos.Rmd",194,3,"![](figuras/key.svg){.hicon} Gráfico de caja o *Box-Plot*.","c03-grafico-de-caja-o-box-plot"
"03-graficos.Rmd",301,3,"![](figuras/key.svg){.hicon} Gráfico de violín.","c03-grafico-de-violin"
"03-graficos.Rmd",322,3,"![](figuras/key.svg){.hicon} Gráfico de barras.","c03-grafico-de-barras"
"03-graficos.Rmd",357,2,"![](figuras/pie-chart.svg){.hicon} Gráficos de dos variables.","c03-graficos-de-dos-variables"
"03-graficos.Rmd",359,3,"![](figuras/key.svg){.hicon} Gráfico de dispersión o *scatterplot*.","c03-grafico-de-dispersion-o-scatterplot"
"03-graficos.Rmd",472,2,"![](figuras/pie-chart.svg){.hicon} Paneles múltiples: *faceting*.","c03-paneles-multiples-faceting"
"03-graficos.Rmd",504,2,"![](figuras/arrow-down-circle.svg){.hicon} Materiales para realizar las prácticas del capítulo.","c03-materiales-para-realizar-las-practicas-del"
"04-descriptiva.Rmd",13,2,"![](figuras/book.svg){.hicon} Análisis univariante.","c04-analisis-univariante"
"04-descriptiva.Rmd",27,2,"![](figuras/star.svg){.hicon} *Shuttlepod Movers*: ¿una estructura salarial demasiado plana?","c04-shuttlepod-movers-una-estructura-salarial"
"04-descriptiva.Rmd",65,2,"![](figuras/pie-chart.svg){.hicon} Representando datos y distribuciones de frecuencias en tablas con R.","c04-representando-datos-y-distribuciones-de"
"04-descriptiva.Rmd",391,2,"![](figuras/book.svg){.hicon}![](figuras/pie-chart.svg){.hicon} Medidas de posición.","c04-medidas-de-posicion"
"04-descriptiva.Rmd",471,2,"![](figuras/book.svg){.hicon}![](figuras/pie-chart.svg){.hicon} Medidas de dispersión o variabilidad.","c04-medidas-de-dispersion-o-variabilidad"
"04-descriptiva.Rmd",543,2,"![](figuras/book.svg){.hicon}![](figuras/pie-chart.svg){.hicon} Medidas de forma.","c04-medidas-de-forma"
"04-descriptiva.Rmd",610,2,"![](figuras/book.svg){.hicon}![](figuras/pie-chart.svg){.hicon} Medidas de concentración.","c04-medidas-de-concentracion"
"04-descriptiva.Rmd",622,3,"![](figuras/key.svg){.hicon} La curva de Lorenz.","c04-la-curva-de-lorenz"
"04-descriptiva.Rmd",691,3,"![](figuras/key.svg){.hicon} El índice de Gini.","c04-el-indice-de-gini"
"04-descriptiva.Rmd",717,2,"![](figuras/book.svg){.hicon}![](figuras/pie-chart.svg){.hicon} Resumen del análisis descriptivo.","c04-resumen-del-analisis-descriptivo"
"04-descriptiva.Rmd",748,2,"![](figuras/arrow-down-circle.svg){.hicon} Materiales para realizar las prácticas del capítulo.","c04-materiales-para-realizar-las-practicas-del"
"05-analisis_previo_de_datos.Rmd",5,2,"![](figuras/book.svg){.hicon}![](figuras/pie-chart.svg){.hicon} Introducción.","c05-introduccion"
"05-analisis_previo_de_datos.Rmd",17,2,"![](figuras/star.svg){.hicon} Encargo de la ARTI: auditoría sectorial.","c05-encargo-de-la-arti-auditoria-sectorial"
"05-analisis_previo_de_datos.Rmd",115,2,"![](figuras/book.svg){.hicon}![](figuras/pie-chart.svg){.hicon} Análisis de una variable.","c05-analisis-de-una-variable"
"05-analisis_previo_de_datos.Rmd",117,3,"![](figuras/key.svg){.hicon} Buscando *missing values* y *outliers*.","c05-buscando-missing-values-y-outliers"
"05-analisis_previo_de_datos.Rmd",392,3,"![](figuras/key.svg){.hicon} Descripción de una variable.","c05-descripcion-de-una-variable"
"05-analisis_previo_de_datos.Rmd",564,3,"![](figuras/key.svg){.hicon} Normalidad.","c05-normalidad"
"05-analisis_previo_de_datos.Rmd",618,3,"![](figuras/paperclip.svg){.hicon} Resumen: 4 gráficos básicos en la descripción de una variable.","c05-resumen-4-graficos-basicos-en-la-descripcion"
"05-analisis_previo_de_datos.Rmd",645,2,"![](figuras/book.svg){.hicon}![](figuras/pie-chart.svg){.hicon} Análisis de múltiples variables.","c05-analisis-de-multiples-variables"
"05-analisis_previo_de_datos.Rmd",655,3,"![](figuras/key.svg){.hicon} Localización de *missing values* y *outliers*.","c05-localizacion-de-missing-values-y-outliers"
"05-analisis_previo_de_datos.Rmd",835,3,"![](figuras/key.svg){.hicon} Correlación entre variables.","c05-correlacion-entre-variables"
"05-analisis_previo_de_datos.Rmd",898,2,"![](figuras/arrow-down-circle.svg){.hicon} Materiales para realizar las prácticas del capítulo.","c05-materiales-para-realizar-las-practicas-del"
"06-componentes_principales.Rmd",5,2,"![](figuras/book.svg){.hicon} Introducción.","c06-introduccion"
"06-componentes_principales.Rmd",15,2,"![](figuras/book.svg){.hicon} Información y varianza.","c06-informacion-y-varianza"
"06-componentes_principales.Rmd",37,2,"![](figuras/star.svg){.hicon} La elección de *Arg-Us Korp*.","c06-la-eleccion-de-arg-us-korp"
"06-componentes_principales.Rmd",61,2,"![](figuras/pie-chart.svg){.hicon} Preparación previa de datos.","c06-preparacion-previa-de-datos"
"06-componentes_principales.Rmd",158,2,"![](figuras/pie-chart.svg){.hicon} Cálculo de componentes.","c06-calculo-de-componentes"
"06-componentes_principales.Rmd",262,2,"![](figuras/pie-chart.svg){.hicon} Retención de componentes.","c06-retencion-de-componentes"
"06-componentes_principales.Rmd",358,2,"![](figuras/pie-chart.svg){.hicon} Puntuaciones de los casos (scores).","c06-puntuaciones-de-los-casos-scores"
"06-componentes_principales.Rmd",452,2,"![](figuras/paperclip.svg){.hicon} Efecto de los *outliers* en las puntuaciones.","c06-efecto-de-los-outliers-en-las-puntuaciones"
"06-componentes_principales.Rmd",489,2,"![](figuras/paperclip.svg){.hicon} Utilización de técnicas robustas: método de Hubert.","c06-utilizacion-de-tecnicas-robustas-metodo-de"
"06-componentes_principales.Rmd",583,3,"![](figuras/star.svg){.hicon} La decisión de *Arg-Us Korp*.","c06-la-decision-de-arg-us-korp"
"06-componentes_principales.Rmd",591,2,"![](figuras/arrow-down-circle.svg){.hicon} Materiales para realizar las prácticas del capítulo.","c06-materiales-para-realizar-las-practicas-del"
"07-analisis_cluster.Rmd",5,2,"![](figuras/book.svg){.hicon} Introducción.","c07-introduccion"
"07-analisis_cluster.Rmd",27,3,"![](figuras/key.svg){.hicon} Clasificación de los métodos de análisis clúster.","c07-clasificacion-de-los-metodos-de-analisis"
"07-analisis_cluster.Rmd",82,2,"![](figuras/star.svg){.hicon} El Informe *Bluebird*.","c07-el-informe-bluebird"
"07-analisis_cluster.Rmd",98,2,"![](figuras/book.svg){.hicon} ![](figuras/pie-chart.svg){.hicon} Encargo 1: análisis jerárquico (método de Ward).","c07-encargo-1-analisis-jerarquico-metodo-de-ward"
"07-analisis_cluster.Rmd",110,3,"![](figuras/pie-chart.svg) Preparación de los datos.","c07-preparacion-de-los-datos"
"07-analisis_cluster.Rmd",214,3,"![](figuras/pie-chart.svg) Aplicación del método de *Ward*.","c07-aplicacion-del-metodo-de-ward"
"07-analisis_cluster.Rmd",359,3,"![](figuras/pie-chart.svg) Caracterización de los grupos o conglomerados.","c07-caracterizacion-de-los-grupos-o-conglomerados"
"07-analisis_cluster.Rmd",572,2,"![](figuras/book.svg){.hicon} ![](figuras/pie-chart.svg){.hicon} Encargo 2: análisis de partición (k-medias).","c07-encargo-2-analisis-de-particion-k-medias"
"07-analisis_cluster.Rmd",590,3,"![](figuras/pie-chart.svg) Preparación de los datos.","c07-preparacion-de-los-datos-2"
"07-analisis_cluster.Rmd",683,3,"![](figuras/pie-chart.svg) Determinación del número de grupos o clústeres a formar.","c07-determinacion-del-numero-de-grupos-o"
"07-analisis_cluster.Rmd",773,3,"![](figuras/pie-chart.svg) Aplicación del método de k-medias con determinación de semillas *kmeans++*.","c07-aplicacion-del-metodo-de-k-medias-con"
"07-analisis_cluster.Rmd",798,3,"![](figuras/pie-chart.svg) Caracterización de los grupos o conglomerados.","c07-caracterizacion-de-los-grupos-o-conglomerados-2"
"07-analisis_cluster.Rmd",947,2,"![](figuras/book.svg){.hicon} ![](figuras/pie-chart.svg){.hicon} Encargo 3: análisis basado en densidad (DBSCAN).","c07-encargo-3-analisis-basado-en-densidad-dbscan"
"07-analisis_cluster.Rmd",996,3,"![](figuras/pie-chart.svg) Preparación de los datos.","c07-preparacion-de-los-datos-3"
"07-analisis_cluster.Rmd",1122,3,"![](figuras/pie-chart.svg) Aplicación de la técnica.","c07-aplicacion-de-la-tecnica"
"07-analisis_cluster.Rmd",1199,3,"![](figuras/pie-chart.svg) Caracterización de los clústeres o grupos formados.","c07-caracterizacion-de-los-clusteres-o-grupos"
"07-analisis_cluster.Rmd",1451,2,"![](figuras/star.svg){.hicon} Cierre del Informe *Bluebird*: comparación de los tres métodos.","c07-cierre-del-informe-bluebird-comparacion-de"
"07-analisis_cluster.Rmd",1465,2,"![](figuras/arrow-down-circle.svg){.hicon} Materiales para realizar las prácticas del capítulo.","c07-materiales-para-realizar-las-practicas-del"
"08-Analisis_de_la_Varianza.Rmd",5,2,"Introducción.","c08-introduccion"
"08-Analisis_de_la_Varianza.Rmd",11,2,"ANOVA de un solo factor.","c08-anova-de-un-solo-factor"
"08-Analisis_de_la_Varianza.Rmd",15,3,"El Informe *Crestfall*.","c08-el-informe-crestfall"
"08-Analisis_de_la_Varianza.Rmd",33,3,"Preparación de los datos.","c08-preparacion-de-los-datos"
"08-Analisis_de_la_Varianza.Rmd",96,3,"El primer estudio: el Índice de Rendimiento Energético (IRE).","c08-el-primer-estudio-el-endice-de-rendimiento"
"08-Analisis_de_la_Varianza.Rmd",331,3,"Tamaño del efecto.","c08-tamano-del-efecto"
"08-Analisis_de_la_Varianza.Rmd",353,2,"Comparaciones múltiples.","c08-comparaciones-multiples"
"08-Analisis_de_la_Varianza.Rmd",392,2,"¿Y si no se cumplen las condiciones para realizar el contraste F de ANOVA?","c08-y-si-no-se-cumplen-las-condiciones-para"
"08-Analisis_de_la_Varianza.Rmd",396,3,"El segundo estudio: el Índice de Incidencias Graves (IIG).","c08-el-segundo-estudio-el-endice-de-incidencias"
"08-Analisis_de_la_Varianza.Rmd",586,3,"Alternativa robusta: la prueba de Kruskal-Wallis.","c08-alternativa-robusta-la-prueba-de-kruskal"
"08-Analisis_de_la_Varianza.Rmd",602,3,"Tamaño del efecto (versión no paramétrica).","c08-tamano-del-efecto-version-no-parametrica"
"08-Analisis_de_la_Varianza.Rmd",613,3,"Comparaciones múltiples: el test de Dunn.","c08-comparaciones-multiples-el-test-de-dunn"
"08-Analisis_de_la_Varianza.Rmd",639,2,"![](figuras/star.svg){.hicon} Cierre del *Informe Crestfall*.","c08-cierre-del-informe-crestfall"
"08-Analisis_de_la_Varianza.Rmd",649,2,"Materiales para realizar las prácticas del capítulo.","c08-materiales-para-realizar-las-practicas-del"
"09-Analisis_de_Regresion_Lineal.Rmd",25,2,"![](figuras/book.svg){.hicon} Introducción.","c09-introduccion"
"09-Analisis_de_Regresion_Lineal.Rmd",91,2,"![](figuras/pie-chart.svg) Especificación del MBR. Datos de corte transversal.","c09-especificacion-del-mbr-datos-de-corte"
"09-Analisis_de_Regresion_Lineal.Rmd",93,3,"![](figuras/star.svg){.hicon} Renovarse o morir.","c09-renovarse-o-morir"
"09-Analisis_de_Regresion_Lineal.Rmd",103,3,"![](figuras/pie-chart.svg) Planteamiento inicial del modelo.","c09-planteamiento-inicial-del-modelo"
"09-Analisis_de_Regresion_Lineal.Rmd",174,3,"![](figuras/pie-chart.svg) Preparación de los datos.","c09-preparacion-de-los-datos"
"09-Analisis_de_Regresion_Lineal.Rmd",311,3,"![](figuras/pie-chart.svg) Especificación y estimación inicial del modelo.","c09-especificacion-y-estimacion-inicial-del"
"09-Analisis_de_Regresion_Lineal.Rmd",457,2,"![](figuras/pie-chart.svg) Contraste del modelo básico de regresión lineal.","c09-contraste-del-modelo-basico-de-regresion"
"09-Analisis_de_Regresion_Lineal.Rmd",774,3,"![](figuras/pie-chart.svg) Estimación con errores estándar robustos a heteroscedasticidad.","c09-estimacion-con-errores-estandar-robustos-a"
"09-Analisis_de_Regresion_Lineal.Rmd",817,2,"![](figuras/pie-chart.svg) Utilización del modelo estimado: simulación.","c09-utilizacion-del-modelo-estimado-simulacion"
"09-Analisis_de_Regresion_Lineal.Rmd",943,2,"![](figuras/star.svg){.hicon} Cierre del estudio *Data-Evidence*.","c09-cierre-del-estudio-data-evidence"
"09-Analisis_de_Regresion_Lineal.Rmd",955,2,"![](figuras/arrow-down-circle.svg){.hicon} Materiales para realizar las prácticas del capítulo.","c09-materiales-para-realizar-las-practicas-del"
"10-Modelos_de_Eleccion_Discreta.Rmd",5,2,"![](figuras/book.svg){.hicon} Introducción.","c10-introduccion"
"10-Modelos_de_Eleccion_Discreta.Rmd",13,2,"![](figuras/book.svg){.hicon} Clasificación de los modelos de elección discreta.","c10-clasificacion-de-los-modelos-de-eleccion"
"10-Modelos_de_Eleccion_Discreta.Rmd",27,2,"![](figuras/book.svg){.hicon} El modelo de respuesta binaria.","c10-el-modelo-de-respuesta-binaria"
"10-Modelos_de_Eleccion_Discreta.Rmd",29,3,"Planteamiento general.","c10-planteamiento-general"
"10-Modelos_de_Eleccion_Discreta.Rmd",59,3,"La función de enlace: logit y probit.","c10-la-funcion-de-enlace-logit-y-probit"
"10-Modelos_de_Eleccion_Discreta.Rmd",69,2,"![](figuras/book.svg){.hicon} El modelo logit binomial.","c10-el-modelo-logit-binomial"
"10-Modelos_de_Eleccion_Discreta.Rmd",71,3,"Especificación.","c10-especificacion"
"10-Modelos_de_Eleccion_Discreta.Rmd",93,3,"Contraste de significación individual: contraste de Wald.","c10-contraste-de-significacion-individual"
"10-Modelos_de_Eleccion_Discreta.Rmd",105,3,"Medidas de la bondad del ajuste.","c10-medidas-de-la-bondad-del-ajuste"
"10-Modelos_de_Eleccion_Discreta.Rmd",123,3,"*Odd ratios*: interpretación económica de los coeficientes.","c10-odd-ratios-interpretacion-economica-de-los"
"10-Modelos_de_Eleccion_Discreta.Rmd",147,2,"![](figuras/pie-chart.svg) Práctica: ¿qué determina la concesión de licencias en el sector interestelar?","c10-practica-que-determina-la-concesion-de"
"10-Modelos_de_Eleccion_Discreta.Rmd",149,3,"![](figuras/star.svg){.hicon} La ruta Coruscant–Arrakis.","c10-la-ruta-coruscant-arrakis"
"10-Modelos_de_Eleccion_Discreta.Rmd",157,3,"![](figuras/pie-chart.svg) Preparación de los datos.","c10-preparacion-de-los-datos"
"10-Modelos_de_Eleccion_Discreta.Rmd",217,3,"![](figuras/pie-chart.svg) Detección de valores perdidos.","c10-deteccion-de-valores-perdidos"
"10-Modelos_de_Eleccion_Discreta.Rmd",232,3,"![](figuras/pie-chart.svg) Conversión de variables categóricas.","c10-conversion-de-variables-categoricas"
"10-Modelos_de_Eleccion_Discreta.Rmd",253,3,"![](figuras/pie-chart.svg) Análisis descriptivo previo.","c10-analisis-descriptivo-previo"
"10-Modelos_de_Eleccion_Discreta.Rmd",349,3,"![](figuras/pie-chart.svg) Partición en muestra de estimación y muestra de test.","c10-particion-en-muestra-de-estimacion-y-muestra"
"10-Modelos_de_Eleccion_Discreta.Rmd",363,3,"![](figuras/pie-chart.svg) Estimación del modelo logit completo.","c10-estimacion-del-modelo-logit-completo"
"10-Modelos_de_Eleccion_Discreta.Rmd",397,3,"![](figuras/pie-chart.svg) Interpretación de los resultados.","c10-interpretacion-de-los-resultados"
"10-Modelos_de_Eleccion_Discreta.Rmd",413,3,"![](figuras/pie-chart.svg) Contraste de Wald para el factor EFLO.","c10-contraste-de-wald-para-el-factor-eflo"
"10-Modelos_de_Eleccion_Discreta.Rmd",428,3,"![](figuras/pie-chart.svg) Interpretación de los *odd ratios*.","c10-interpretacion-de-los-odd-ratios"
"10-Modelos_de_Eleccion_Discreta.Rmd",438,3,"![](figuras/pie-chart.svg) Bondad del ajuste.","c10-bondad-del-ajuste"
"10-Modelos_de_Eleccion_Discreta.Rmd",458,2,"![](figuras/pie-chart.svg) Capacidad predictiva del modelo.","c10-capacidad-predictiva-del-modelo"
"10-Modelos_de_Eleccion_Discreta.Rmd",460,3,"Predicción *in-sample*.","c10-prediccion-in-sample"
"10-Modelos_de_Eleccion_Discreta.Rmd",470,3,"Predicción sobre la muestra de test.","c10-prediccion-sobre-la-muestra-de-test"
"10-Modelos_de_Eleccion_Discreta.Rmd",485,2,"![](figuras/pie-chart.svg) Simulación de escenarios.","c10-simulacion-de-escenarios"
"10-Modelos_de_Eleccion_Discreta.Rmd",535,2,"![](figuras/pie-chart.svg) Selección automática de la especificación.","c10-seleccion-automatica-de-la-especificacion"
"10-Modelos_de_Eleccion_Discreta.Rmd",576,2,"![](figuras/star.svg){.hicon} Cierre: el veredicto de *Data-Evidence*.","c10-cierre-el-veredicto-de-data-evidence"
"10-Modelos_de_Eleccion_Discreta.Rmd",588,2,"![](figuras/arrow-down-circle.svg){.hicon} Materiales para realizar las prácticas del capítulo.","c10-materiales-para-realizar-las-practicas-del"
"11-Analisis_datos_cualitativos.Rmd",6,2,"![](figuras/book.svg){.hicon} Introducción.","c11-introduccion"
"11-Analisis_datos_cualitativos.Rmd",31,2,"![](figuras/book.svg){.hicon} Tablas de contingencia, y asociación entre dos atributos o factores.","c11-tablas-de-contingencia-y-asociacion-entre"
"11-Analisis_datos_cualitativos.Rmd",33,3,"![](figuras/star.svg){.hicon} ![](figuras/pie-chart.svg){.hicon} El entramado comercial del cosmos.","c11-el-entramado-comercial-del-cosmos"
"11-Analisis_datos_cualitativos.Rmd",212,3,"![](figuras/star.svg){.hicon} ![](figuras/pie-chart.svg){.hicon} La sospecha institucional (GALAXIA XFJUR).","c11-la-sospecha-institucional-galaxia-xfjur"
"11-Analisis_datos_cualitativos.Rmd",565,3,"![](figuras/star.svg){.hicon} ![](figuras/pie-chart.svg){.hicon} ¿Se Refleja la estructura jurídica en la renovación de la flota? (FJUR × EFLO).","c11-se-refleja-la-estructura-juridica-en-la"
"11-Analisis_datos_cualitativos.Rmd",727,2,"![](figuras/book.svg){.hicon} Modelos logaritmico-lineales aplicados a tablas de contingencia.","c11-modelos-logaritmico-lineales-aplicados-a"
"11-Analisis_datos_cualitativos.Rmd",829,3,"![](figuras/star.svg){.hicon} ![](figuras/pie-chart.svg){.hicon} La complejidad del sistema de relaciones (GALAXIA X FJUR X EFLO).","c11-la-complejidad-del-sistema-de-relaciones"
"11-Analisis_datos_cualitativos.Rmd",1742,2,"![](figuras/book.svg){.hicon} Análisis de correspondencias.","c11-analisis-de-correspondencias"
"11-Analisis_datos_cualitativos.Rmd",1823,3,"![](figuras/star.svg){.hicon} ![](figuras/pie-chart.svg){.hicon} De la asociación a su mapa: Galaxia y Forma Jurídica revisitadas.","c11-de-la-asociacion-a-su-mapa-galaxia-y-forma"
"11-Analisis_datos_cualitativos.Rmd",2367,2,"![](figuras/star.svg){.hicon} Cierre: el entramado al descubierto.","c11-cierre-el-entramado-al-descubierto"
"11-Analisis_datos_cualitativos.Rmd",2379,2,"![](figuras/arrow-down-circle.svg){.hicon} Materiales para realizar las prácticas del capítulo.","c11-materiales-para-realizar-las-practicas-del"
"12-Escalado_Multidimensional.Rmd",5,2,"![](figuras/book.svg){.hicon} Introducción: los mapas perceptuales.","c12-introduccion-los-mapas-perceptuales"
"12-Escalado_Multidimensional.Rmd",29,2,"![](figuras/book.svg){.hicon} Escalado Multidimensional: concepto y tipos.","c12-escalado-multidimensional-concepto-y-tipos"
"12-Escalado_Multidimensional.Rmd",41,3,"Proximidades y distancias.","c12-proximidades-y-distancias"
"12-Escalado_Multidimensional.Rmd",55,3,"La matriz de dimensiones.","c12-la-matriz-de-dimensiones"
"12-Escalado_Multidimensional.Rmd",65,3,"EMD métrico y no métrico.","c12-emd-metrico-y-no-metrico"
"12-Escalado_Multidimensional.Rmd",77,2,"![](figuras/book.svg){.hicon} El algoritmo SMACOF y el Stress.","c12-el-algoritmo-smacof-y-el-stress"
"12-Escalado_Multidimensional.Rmd",79,3,"SMACOF.","c12-smacof"
"12-Escalado_Multidimensional.Rmd",85,3,"El Stress como medida de bondad del ajuste.","c12-el-stress-como-medida-de-bondad-del-ajuste"
"12-Escalado_Multidimensional.Rmd",101,3,"El diagrama de Shepard.","c12-el-diagrama-de-shepard"
"12-Escalado_Multidimensional.Rmd",107,2,"![](figuras/pie-chart.svg) Práctica: el mapa perceptual del sector interestelar.","c12-practica-el-mapa-perceptual-del-sector"
"12-Escalado_Multidimensional.Rmd",109,3,"![](figuras/star.svg){.hicon} La imagen del sector.","c12-la-imagen-del-sector"
"12-Escalado_Multidimensional.Rmd",117,3,"![](figuras/pie-chart.svg) Preparación de los datos.","c12-preparacion-de-los-datos"
"12-Escalado_Multidimensional.Rmd",171,3,"![](figuras/pie-chart.svg) Exploración descriptiva de los perfiles.","c12-exploracion-descriptiva-de-los-perfiles"
"12-Escalado_Multidimensional.Rmd",202,3,"![](figuras/pie-chart.svg) Cálculo de la matriz de proximidades.","c12-calculo-de-la-matriz-de-proximidades"
"12-Escalado_Multidimensional.Rmd",220,3,"![](figuras/pie-chart.svg) Selección del número de dimensiones.","c12-seleccion-del-numero-de-dimensiones"
"12-Escalado_Multidimensional.Rmd",264,3,"![](figuras/pie-chart.svg) La solución en dos dimensiones.","c12-la-solucion-en-dos-dimensiones"
"12-Escalado_Multidimensional.Rmd",283,3,"![](figuras/pie-chart.svg) Diagrama de Shepard.","c12-diagrama-de-shepard"
"12-Escalado_Multidimensional.Rmd",315,3,"![](figuras/pie-chart.svg) El mapa perceptual.","c12-el-mapa-perceptual"
"12-Escalado_Multidimensional.Rmd",338,3,"![](figuras/pie-chart.svg) Interpretación de las dimensiones.","c12-interpretacion-de-las-dimensiones"
"12-Escalado_Multidimensional.Rmd",398,3,"![](figuras/pie-chart.svg) Ampliación: la solución en tres dimensiones.","c12-ampliacion-la-solucion-en-tres-dimensiones"
"12-Escalado_Multidimensional.Rmd",459,2,"![](figuras/star.svg){.hicon} Cierre: el informe de *Data-Evidence*.","c12-cierre-el-informe-de-data-evidence"
"12-Escalado_Multidimensional.Rmd",471,2,"![](figuras/arrow-down-circle.svg){.hicon} Materiales para realizar las prácticas del capítulo.","c12-materiales-para-realizar-las-practicas-del"
"80-bases.Rmd",14,2,"`interestelar_300`.","c80-interestelar300"
"80-bases.Rmd",16,3,"Descripción general.","c80-descripcion-general"
"80-bases.Rmd",22,3,"Variables.","c80-variables"
"80-bases.Rmd",56,2,"`trabajadores`.","c80-trabajadores"
"80-bases.Rmd",58,3,"Descripción general.","c80-descripcion-general-2"
"80-bases.Rmd",64,3,"Variables.","c80-variables-2"
"80-bases.Rmd",73,2,"`astilleros_48`.","c80-astilleros48"
"80-bases.Rmd",75,3,"Descripción general.","c80-descripcion-general-3"
"80-bases.Rmd",81,3,"Variables.","c80-variables-3"
"80-bases.Rmd",93,2,"`licencias_100`.","c80-licencias100"
"80-bases.Rmd",95,3,"Descripción general.","c80-descripcion-general-4"
"80-bases.Rmd",101,3,"Variables.","c80-variables-4"
"80-bases.Rmd",118,2,"`percepcion_interestelar`.","c80-percepcioninterestelar"
"80-bases.Rmd",120,3,"Descripción general.","c80-descripcion-general-5"
"80-bases.Rmd",126,3,"Variables.","c80-variables-5"
"80-bases.Rmd",138,2,"Nota sobre carga y uso de las bases.","c80-nota-sobre-carga-y-uso-de-las-bases"
"81-apendice_matrstars.Rmd",20,2,"`create_patchwork()`.","c81-createpatchwork"
"81-apendice_matrstars.Rmd",22,3,"Propósito.","c81-proposito"
"81-apendice_matrstars.Rmd",28,3,"Sintaxis.","c81-sintaxis"
"81-apendice_matrstars.Rmd",34,3,"Argumentos.","c81-argumentos"
"81-apendice_matrstars.Rmd",38,3,"Valor devuelto.","c81-valor-devuelto"
"81-apendice_matrstars.Rmd",42,3,"Ejemplo.","c81-ejemplo"
"81-apendice_matrstars.Rmd",67,3,"Código fuente.","c81-codigo-fuente"
"81-apendice_matrstars.Rmd",73,2,"`kable_rstars()`.","c81-kablerstars"
"81-apendice_matrstars.Rmd",75,3,"Propósito.","c81-proposito-2"
"81-apendice_matrstars.Rmd",81,3,"Sintaxis.","c81-sintaxis-2"
"81-apendice_matrstars.Rmd",99,3,"Argumentos.","c81-argumentos-2"
"81-apendice_matrstars.Rmd",115,3,"Valor devuelto.","c81-valor-devuelto-2"
"81-apendice_matrstars.Rmd",119,3,"Ejemplo.","c81-ejemplo-2"
"81-apendice_matrstars.Rmd",135,3,"Código fuente.","c81-codigo-fuente-2"
"81-apendice_matrstars.Rmd",139,2,"`explora_na()`.","c81-explorana"
"81-apendice_matrstars.Rmd",141,3,"Propósito.","c81-proposito-3"
"81-apendice_matrstars.Rmd",151,3,"Sintaxis.","c81-sintaxis-3"
"81-apendice_matrstars.Rmd",164,3,"Argumentos.","c81-argumentos-3"
"81-apendice_matrstars.Rmd",175,3,"Valor devuelto.","c81-valor-devuelto-3"
"81-apendice_matrstars.Rmd",181,3,"Ejemplo.","c81-ejemplo-3"
"81-apendice_matrstars.Rmd",221,3,"Código fuente.","c81-codigo-fuente-3"
"81-apendice_matrstars.Rmd",225,2,"`explora_outliers()`.","c81-exploraoutliers"
"81-apendice_matrstars.Rmd",227,3,"Propósito.","c81-proposito-4"
"81-apendice_matrstars.Rmd",246,3,"Sintaxis.","c81-sintaxis-4"
"81-apendice_matrstars.Rmd",259,3,"Argumentos.","c81-argumentos-4"
"81-apendice_matrstars.Rmd",270,3,"Valor devuelto.","c81-valor-devuelto-4"
"81-apendice_matrstars.Rmd",276,3,"Ejemplo.","c81-ejemplo-4"
"81-apendice_matrstars.Rmd",324,3,"Código fuente.","c81-codigo-fuente-4"
"81-apendice_matrstars.Rmd",328,2,"`presenta_modelo()`.","c81-presentamodelo"
"81-apendice_matrstars.Rmd",330,3,"Propósito.","c81-proposito-5"
"81-apendice_matrstars.Rmd",340,3,"Sintaxis.","c81-sintaxis-5"
"81-apendice_matrstars.Rmd",350,3,"Argumentos.","c81-argumentos-5"
"81-apendice_matrstars.Rmd",356,3,"Valor devuelto.","c81-valor-devuelto-5"
"81-apendice_matrstars.Rmd",360,3,"Ejemplo.","c81-ejemplo-5"
"81-apendice_matrstars.Rmd",382,3,"Código fuente.","c81-codigo-fuente-5"
"81-apendice_matrstars.Rmd",386,2,"`presenta_logit()`.","c81-presentalogit"
"81-apendice_matrstars.Rmd",388,3,"Propósito.","c81-proposito-6"
"81-apendice_matrstars.Rmd",405,3,"Sintaxis.","c81-sintaxis-6"
"81-apendice_matrstars.Rmd",418,3,"Argumentos.","c81-argumentos-6"
"81-apendice_matrstars.Rmd",426,3,"Valor devuelto.","c81-valor-devuelto-6"
"81-apendice_matrstars.Rmd",430,3,"Ejemplo.","c81-ejemplo-6"
"81-apendice_matrstars.Rmd",465,3,"Código fuente.","c81-codigo-fuente-6"
"81-apendice_matrstars.Rmd",469,2,"`predict_from_excel_scenarios()`.","c81-predictfromexcelscenarios"
"81-apendice_matrstars.Rmd",471,3,"Propósito.","c81-proposito-7"
"81-apendice_matrstars.Rmd",486,3,"Sintaxis.","c81-sintaxis-7"
"81-apendice_matrstars.Rmd",504,3,"Argumentos.","c81-argumentos-7"
"81-apendice_matrstars.Rmd",520,3,"Valor devuelto.","c81-valor-devuelto-7"
"81-apendice_matrstars.Rmd",529,3,"Ejemplo.","c81-ejemplo-7"
"81-apendice_matrstars.Rmd",566,3,"Código fuente.","c81-codigo-fuente-7"
"81-apendice_matrstars.Rmd",570,2,"`detect_zeros_any()`.","c81-detectzerosany"
"81-apendice_matrstars.Rmd",572,3,"Propósito.","c81-proposito-8"
"81-apendice_matrstars.Rmd",578,3,"Sintaxis.","c81-sintaxis-8"
"81-apendice_matrstars.Rmd",584,3,"Argumentos.","c81-argumentos-8"
"81-apendice_matrstars.Rmd",588,3,"Valor devuelto.","c81-valor-devuelto-8"
"81-apendice_matrstars.Rmd",592,3,"Ejemplo.","c81-ejemplo-8"
"81-apendice_matrstars.Rmd",609,3,"Código fuente.","c81-codigo-fuente-8"
"81-apendice_matrstars.Rmd",613,2,"`impute_zeros_with_one()`.","c81-imputezeroswithone"
"81-apendice_matrstars.Rmd",615,3,"Propósito.","c81-proposito-9"
"81-apendice_matrstars.Rmd",628,3,"Sintaxis.","c81-sintaxis-9"
"81-apendice_matrstars.Rmd",634,3,"Argumentos.","c81-argumentos-9"
"81-apendice_matrstars.Rmd",639,3,"Valor devuelto.","c81-valor-devuelto-9"
"81-apendice_matrstars.Rmd",643,3,"Ejemplo.","c81-ejemplo-9"
"81-apendice_matrstars.Rmd",659,3,"Código fuente.","c81-codigo-fuente-9"
"81-apendice_matrstars.Rmd",663,2,"`extraer_coeficientes()`.","c81-extraercoeficientes"
"81-apendice_matrstars.Rmd",665,3,"Propósito.","c81-proposito-10"
"81-apendice_matrstars.Rmd",678,3,"Sintaxis.","c81-sintaxis-10"
"81-apendice_matrstars.Rmd",684,3,"Argumentos.","c81-argumentos-10"
"81-apendice_matrstars.Rmd",688,3,"Valor devuelto.","c81-valor-devuelto-10"
"81-apendice_matrstars.Rmd",695,3,"Ejemplo.","c81-ejemplo-10"
"81-apendice_matrstars.Rmd",704,3,"Código fuente.","c81-codigo-fuente-10"
"81-apendice_matrstars.Rmd",708,2,"`generar_solucion()`.","c81-generarsolucion"
"81-apendice_matrstars.Rmd",710,3,"Propósito.","c81-proposito-11"
"81-apendice_matrstars.Rmd",724,3,"Sintaxis.","c81-sintaxis-11"
"81-apendice_matrstars.Rmd",734,3,"Argumentos.","c81-argumentos-11"
"81-apendice_matrstars.Rmd",741,3,"Valor devuelto.","c81-valor-devuelto-11"
"81-apendice_matrstars.Rmd",748,3,"Ejemplo.","c81-ejemplo-11"
"81-apendice_matrstars.Rmd",761,3,"Código fuente.","c81-codigo-fuente-11"
"81-apendice_matrstars.Rmd",765,2,"`step_loglm_backward()`.","c81-steploglmbackward"
"81-apendice_matrstars.Rmd",767,3,"Propósito.","c81-proposito-12"
"81-apendice_matrstars.Rmd",781,3,"Sintaxis.","c81-sintaxis-12"
"81-apendice_matrstars.Rmd",787,3,"Argumentos.","c81-argumentos-12"
"81-apendice_matrstars.Rmd",794,3,"Valor devuelto.","c81-valor-devuelto-12"
"81-apendice_matrstars.Rmd",798,3,"Ejemplo.","c81-ejemplo-12"
"81-apendice_matrstars.Rmd",816,3,"Código fuente.","c81-codigo-fuente-12"
"90-frikistars.Rmd",15,2,"Nota preliminar para el pasajero despistado.","c90-nota-preliminar-para-el-pasajero-despistado"
"90-frikistars.Rmd",21,2,"Cronología del sector interestelar.","c90-cronologia-del-sector-interestelar"
"90-frikistars.Rmd",46,3,"Los prolegómenos (siglo XXI).","c90-los-prolegomenos-siglo-xxi"
"90-frikistars.Rmd",50,3,"El salto cuántico: el descubrimiento del plasma warp (2084).","c90-el-salto-cuantico-el-descubrimiento-del"
"90-frikistars.Rmd",56,3,"Primer contacto: no estábamos solos (2087–2110).","c90-primer-contacto-no-estabamos-solos-2087-2110"
"90-frikistars.Rmd",68,3,"El hallazgo de Arrakis y el vuelo intergaláctico (c. 2110).","c90-el-hallazgo-de-arrakis-y-el-vuelo"
"90-frikistars.Rmd",76,3,"La era colonial y diplomática (siglo XXII).","c90-la-era-colonial-y-diplomatica-siglo-xxii"
"90-frikistars.Rmd",82,3,"El marco legal: el TLCI (2135).","c90-el-marco-legal-el-tlci-2135"
"90-frikistars.Rmd",88,3,"La Base de Datos Interestelar (2137).","c90-la-base-de-datos-interestelar-2137"
"90-frikistars.Rmd",94,3,"El presente: 2150.","c90-el-presente-2150"
"90-frikistars.Rmd",106,2,"La física del plasma warp para el lector con prisa.","c90-la-fisica-del-plasma-warp-para-el-lector-con"
"90-frikistars.Rmd",128,2,"Geografía galáctica.","c90-geografia-galactica"
"90-frikistars.Rmd",134,3,"Las cinco galaxias.","c90-las-cinco-galaxias"
"90-frikistars.Rmd",148,3,"Planetas destacados.","c90-planetas-destacados"
"90-frikistars.Rmd",202,3,"Zonas de riesgo y nuevas fronteras.","c90-zonas-de-riesgo-y-nuevas-fronteras"
"90-frikistars.Rmd",212,2,"Personajes ilustres.","c90-personajes-ilustres"
"90-frikistars.Rmd",216,3,"Los padres fundadores del dato.","c90-los-padres-fundadores-del-dato"
"90-frikistars.Rmd",226,3,"La escuela AITM.","c90-la-escuela-aitm"
"90-frikistars.Rmd",242,3,"Magnates y CEOs.","c90-magnates-y-ceos"
"90-frikistars.Rmd",256,2,"Organizaciones e instituciones.","c90-organizaciones-e-instituciones"
"90-frikistars.Rmd",258,3,"Agencia Interplanetaria de Transporte de Mercancías (AITM).","c90-agencia-interplanetaria-de-transporte-de"
"90-frikistars.Rmd",262,3,"Autoridad Reguladora del Transporte Interestelar (ARTI).","c90-autoridad-reguladora-del-transporte"
"90-frikistars.Rmd",266,3,"Autoridad Galáctica de Transporte Interestelar (AGTI).","c90-autoridad-galactica-de-transporte"
"90-frikistars.Rmd",270,3,"Federación de Rutas Espaciales de Andrómeda.","c90-federacion-de-rutas-espaciales-de-andromeda"
"90-frikistars.Rmd",274,3,"Asociación Sectorial de Transporte Interestelar (ASTI).","c90-asociacion-sectorial-de-transporte"
"90-frikistars.Rmd",278,3,"Los tres grandes astilleros.","c90-los-tres-grandes-astilleros"
"90-frikistars.Rmd",288,2,"Glosario del pasajero apresurado.","c90-glosario-del-pasajero-apresurado"
"90-frikistars.Rmd",309,2,"Nota final: la filmografía tras el universo R-Stars.","c90-nota-final-la-filmografia-tras-el-universo-r"
"90-frikistars.Rmd",349,2,"Coda: y que la R os acompañe.","c90-coda-y-que-la-r-os-acompane"
